{
  "Total" : {
    "transaction" : "Total",
    "sampleCount" : 3873,
    "errorCount" : 0,
    "errorPct" : 0.0,
    "meanResTime" : 3.403304931577586,
    "medianResTime" : 3.0,
    "minResTime" : 1.0,
    "maxResTime" : 262.0,
    "pct1ResTime" : 6.0,
    "pct2ResTime" : 6.0,
    "pct3ResTime" : 8.0,
    "throughput" : 45.33164788089469,
    "receivedKBytesPerSec" : 14.564345475320998,
    "sentKBytesPerSec" : 5.499163491812681
  },
  "Transaction Controller" : {
    "transaction" : "Transaction Controller",
    "sampleCount" : 2,
    "errorCount" : 0,
    "errorPct" : 0.0,
    "meanResTime" : 236.0,
    "medianResTime" : 236.0,
    "minResTime" : 43.0,
    "maxResTime" : 429.0,
    "pct1ResTime" : 429.0,
    "pct2ResTime" : 429.0,
    "pct3ResTime" : 429.0,
    "throughput" : 0.35676061362825545,
    "receivedKBytesPerSec" : 0.5124949830538709,
    "sentKBytesPerSec" : 0.3435214502318944
  },
  "HTTP Request" : {
    "transaction" : "HTTP Request",
    "sampleCount" : 3873,
    "errorCount" : 0,
    "errorPct" : 0.0,
    "meanResTime" : 3.403304931577586,
    "medianResTime" : 3.0,
    "minResTime" : 1.0,
    "maxResTime" : 262.0,
    "pct1ResTime" : 6.0,
    "pct2ResTime" : 6.0,
    "pct3ResTime" : 8.0,
    "throughput" : 45.33164788089469,
    "receivedKBytesPerSec" : 14.564345475320998,
    "sentKBytesPerSec" : 5.499163491812681
  }
}