{
  "Total" : {
    "transaction" : "Total",
    "sampleCount" : 100,
    "errorCount" : 0,
    "errorPct" : 0.0,
    "meanResTime" : 1096.2099999999998,
    "medianResTime" : 1090.0,
    "minResTime" : 932.0,
    "maxResTime" : 1356.0,
    "pct1ResTime" : 1210.3,
    "pct2ResTime" : 1230.9,
    "pct3ResTime" : 1355.2199999999996,
    "throughput" : 73.52941176470588,
    "receivedKBytesPerSec" : 977.6999080882352,
    "sentKBytesPerSec" : 8.473115808823529
  },
  "HTTP Request" : {
    "transaction" : "HTTP Request",
    "sampleCount" : 100,
    "errorCount" : 0,
    "errorPct" : 0.0,
    "meanResTime" : 1096.2099999999998,
    "medianResTime" : 1090.0,
    "minResTime" : 932.0,
    "maxResTime" : 1356.0,
    "pct1ResTime" : 1210.3,
    "pct2ResTime" : 1230.9,
    "pct3ResTime" : 1355.2199999999996,
    "throughput" : 73.52941176470588,
    "receivedKBytesPerSec" : 977.6999080882352,
    "sentKBytesPerSec" : 8.473115808823529
  }
}